J001	Kasus kontroversial pada era Buwas adalah penyidikan Mantan Wakil Menteri Hukum Denny Indrayana.	Kasus kontrovErsial pada Era Buwas adalah penyidikan Mantan Wakil Menteri Hukum DEnni Indrayana.
J002	Kantor Charlie Hebdo di Paris diserang Al-Qaeda.	Kantor Charli HEbdo di Paris diserang Al-QaE-da.
J003	Assalamu'alaikum Warrahmatullahi Wabarakatuh.	As-sa-la-mu-a-lai-kum Wa-roh-ma-tul-lo-hi Wa-ba-ra-ka-tuh.
J004	Salam sejahtera bagi kita.	Salam sejahtera bagi kita.
J005	Pimpinan dan Anggota Dewan Perwakilan Rakyat Republik Indonesia yang terhormat.	Pimpinan dan Anggota DEwan Perwakilan Rakyat REpublik IndonEsia yang terhormat.
J006	Hadirin dan Sidang yang kami muliakan.	Hadirin dan Sidang yang kami muliakan.
J007	Puji syukur kita panjatkan kehadirat Tuhan Yang Maha Kuasa. 	Puji syukur kita panjatkan kehadirat Tuhan Yang Maha Kuasa. 
J008	Karena atas rahmat dan karunia-Nya kita masih diberi kesempatan dan kekuatan untuk melanjutkan karya dan pengabdian kita kepada bangsa dan negara tercinta. 	Karena atas rahmat dan karunia-Nya kita masih diberi kesempatan dan kekuatan untuk melanjutkan karya dan pengabdian kita kepada bangsa dan negara tercinta. 
J009	Pada hari yang berbahagia ini, kita dapat hadir dalam Rapat Paripurna DPR RI.	Pada hari yang berbahagia ini, kita dapat hadir dalam Rapat Paripurna DE-PE-ER ER-I.
J010	Sebagaimana diketahui bersama, bahwa Rancangan Undang-undang tersebut telah diselesaikan pembahasannya. 	Sebagaimana diketahui bersama, bahwa Rancangan Undang-undang tersebut telah diselesaikan pembahasannya. 
J012	Hadirin dan Sidang yang kami muliakan.	Hadirin dan Sidang yang kami muliakan.
J013	Dengan demikian kuorum telah tercapai. 	Dengan demikian kuorum telah tercapai. 
J014	Dengan mengucap Bismillahirahmanirrahim , perkenankanlah kami selaku Pimpinan Dewan membuka Rapat Paripurna DPR RI. 	Dengan mengucap Bismillahirohmanirrohim, perkenankanlah kami selaku Pimpinan DEwan membuka Rapat Paripurna DE-PE-ER ER-I. 
J015	Masa Sidang Pertama tahun sidang dua ribu lima belas dua ribu enam belas.	Masa Sidang Pertama tahun sidang dua ribu lima belas dua ribu enam belas.
J016	Sidang kami nyatakan terbuka untuk umum.	Sidang kami nyatakan terbuka untuk umum.
J017	Hadirin yang kami hormati.	Hadirin yang kami hormati.
J019	Hadirin kami persilakan duduk kembali. 	Hadirin kami persilakan duduk kembali. 
J020	Sidang Dewan yang kami hormati.	Sidang DEwan yang kami hormati.
J021	Hasil Pembahasan Fit and Proper test calon Anggota Komisi Yudisial. 	Hasil Pembahasan Fit End Proper tEst calon Anggota Komisi Yudisial. 
J022	Pendapat Fraksi-fraksi dan pengambilan keputusan terhadap dua RUU. 	Pendapat Fraksi-fraksi dan pengambilan keputusan terhadap dua ER-U-U. 
J023	Sekarang kami ingin menanyakan kepada sidang Dewan yang terhormat, apakah acara tersebut dapat disetujui?	Sekarang kami ingin menanyakan kepada sidang DEwan yang terhormat, apakah acara tersebut dapat disetujui?
J024	Belum-belum!	Belum-belum!
J025	Baik silakan yang interupsi.	baik silakan yang interupsi.
J026	Interupsi Pimpinan. 	Interupsi Pimpinan. 
J027	Terima kasih Pimpinan.	Terima kasih Pimpinan.
J028	Baik, tentunya Pak Misbakhun, dapat kami jawab yang acara pertama. 	Baik, tentunya Pak Misbakhun, dapat kami jawab yang acara pertama. 
J029	Itu memang ada didalam surat yang ditujukan kepada Pimpinan Dewan.	Itu mEmang ada didalam surat yang ditujukan kepada Pimpinan DEwan.
J030	Nanti akan saya bacakan. 	Nanti akan saya bacakan. 
J031	Untuk itu kami sampaikan kepada paripurna, apakah draf ini bisa disetujui atau tidak?	Untuk itu kami sampaikan kepada paripurna, apakah draf ini bisa disetujui atau tidak?
J032	Pimpinan yang saya hormati.	Pimpinan yang saya hormati.
J034	Sebentar Pak Misbakun, bagaimana kalau acara yang pertama ini kita setujui dulu?	Sebentar Pak Misbakun, bagaimana kalau acara yang pertama ini kita setujui dulu?
J035	Tentunya waktu jauh lebih efisien. 	Tentunya waktu jauh lebih EfisiEn. 
J036	Nanti masalah debat dan lain sebagainya mari kita selesaikan.	Nanti masalah debat dan lain sebagainya mari kita selesaikan.
J037	Baik, bapak Ibu sekalian yang saya hormati,	Baik, bapak Ibu sekalian yang saya hormati,
J038	Sebelum memulai acara pertama perlu kami beritahukan bahwa Pimpinan Dewan, telah menerima keputusan Presiden Republik Indonesia. 	Sebelum memulai acara pertama perlu kami beritahukan bahwa Pimpinan DEwan, telah menerima keputusan prEsidEn REpublik IndonEsia. 
J042	Petikan keputusan Presiden ini disampaikan kepada yang bersangkutan untuk dipergunakan sebagaimana mestinya.	Petikan keputusan prEsidEn ini disampaikan kepada yang bersangkutan untuk dipergunakan sebagaimana mestinya.
J043	Ditetapkan di Jakarta, pada tanggal tiga puluh satu Agustus dua ribu lima belas.	Ditetapkan di Jakarta, pada tanggal tiga puluh satu Agustus dua ribu lima belas.
J044	Rohaniwan dipersilakan menempati tempat yang telah ditentukan.	Rohaniwan dipersilakan menempati tempat yang telah ditentukan.
J046	Saudara wajib bersumpah menurut agama Islam. 	Saudara wajib bersumpah menurut agama Islam. 
J047	Apakah saudara bersedia? 	Apakah saudara bersedia? 
J048	Patut saya ingatkan bahwa sumpah yang akan saudara ucapkan mengandung tanggung jawab terhadap bangsa dan negara Republik Indonesia.	Patut saya ingatkan bahwa sumpah yang akan saudara ucapkan mengandung tanggung jawab terhadap bangsa dan negara REpublik IndonEsia.
J049	Tanggung jawab memelihara dan menyelamatkan Pancasila dan Undang-Undang Dasar Negara Republik Indonesia. 	Tanggung jawab memelihara dan menyelamatkan Pancasila dan Undang-Undang Dasar Negara REpublik IndonEsia. 
J051	Janji kepada manusia yang harus ditepati, dengan segala keikhlasan, dan kejujuran. 	Janji kepada manusia yang harus ditepati, dengan segala keikhlasan, dan kejujuran. 
J052	Saya harap saudara mengikuti dan menirukan kata-kata saya dengan hikmat.	Saya harap saudara mengikuti dan menirukan kata-kata saya dengan hikmat.
J054	Sidang Dewan yang kami hormati.	Sidang DEwan yang kami hormati.
J055	Marilah kita memasuki acara pertama Rapat Paripurna Dewan hari ini.	Marilah kita memasuki acara pertama Rapat Paripurna DEwan hari ini.
J056	Selanjutnya Rapat Konsultasi Pengganti Badan Musyawarah DPR RI.	Selanjutnya Rapat Konsultasi Pengganti Badan Musyawarah DE-PE-ER ER-I.
J057	Pembahasan Pembicaraan Tingkat satu tersebut berlangsung secara kritis.	Pembahasan Pembicaraan Tingkat satu tersebut berlangsung secara keritis.
J058	Wallahuma Fiq Ilia Aquamitoriq.	Wallahuma Fik illa Aq-wa-mi-toriq.
J059	Wassalamu'alaikum Warrahmatullahi Wabarakatuh, terima kasih semuanya.	Was-sa-la-mu-a-lai-kum Wa-roh-ma-tull-lo-hi Wa-ba-ro-ka-tuh, terima kasih semuanya.
J060	Terima kasih kami sampaikan kepada Saudara Hanafi Rais.	Terima kasih kami sampaikan kepada Saudara Hanafi Rais.
J061	Berikutnya , kami persilakan saudara Menteri Hukum dan HAM RI untuk menyampaikan pendapat akhir mewakili Presiden.	Berikutnya , kami persilakan saudara Menteri Hukum dan HAM ER-I untuk menyampaikan pendapat akhir mewakili prEsidEn.
J062	Kami persilakan. 	Kami persilakan. 
J065	Siapa yang mengubah jadwal Bamus yang tadinya perubahan Tata Tertib DPR RI? 	Siapa yang mengubah jadwal Bamus yang tadinya perubahan Tata Tertib DE-PE-ER ER-I? 
J066	Interupsi Ketua, Yandri Ketua.	Interupsi Ketua, Yandri Ketua.
J067	Saya menyambung dari Saudaraku Misbakhun, kalau memang sudah disetujui ya sudah. 	Saya menyambung dari Saudaraku Misbakhun, kalau mEmang sudah disetujui ya sudah. 
J068	Tetapi mungkin jalan tengah saya usul Ketua. 	Tetapi mungkin jalan tengah saya usul Ketua. 
J070	Saya kira itu jalan tengahnya Ketua.	Saya kira itu jalan tengahnya Ketua.
J071	Interupsi Pimpinan, Arwani Pimpinan. 	Interupsi Pimpinan, Arwani Pimpinan. 
J072	Saya kira terkait dengan agenda yang tiba-tiba dibatalkan.	Saya kira terkait dengan agEnda yang tiba-tiba dibatalkan.
J074	Itu saja terima kasih.	Itu saja terima kasih.
J075	Silakan yang lain.	Silakan yang lain.
J076	Baik, terima kasih Ketua.	Baik, terima kasih Ketua.
J077	Pimpinan, berarti yang mengubah jadwal Bamus adalah Pimpinan. 	Pimpinan, berarti yang mengubah jadwal Bamus adalah Pimpinan. 
J078	Saya ingin jawaban, saya tidak ingin menanyakan substansinya.	Saya ingin jawaban, saya tidak ingin menanyakan substansinya.
J079	Saya ingin menanyakan siapa yang mengubah jadwal Bamus. 	Saya ingin menanyakan siapa yang mengubah jadwal Bamus.
J080	Saya tidak berbicara tentang substansi.	Saya tidak berbicara tentang substansi.
J081	Saya mau jawaban yang clear dan jelas.	Saya mau jawaban yang klir dan jelas.
J082	Itu catatannya , terima kasih.	Itu catatannya , terima kasih.
J083	Baik, kami berikan keterangan bahwa seperti yang disampaikan Bapak Pimpinan.	Baik, kami berikan keterangan bahwa seperti yang disampaikan Bapak Pimpinan.
J084	Memang akan kami sampaikan kepadanya gilirannya nanti.	MEmang akan kami sampaikan kepadanya gilirannya nanti.
J085	Tetapi sekarang pun tidak apa-apa supaya kita bisa mengerti posisinya. 	Tetapi sekarang pun tidak apa-apa supaya kita bisa mengerti posisinya.
J086	Usulan dari Baleg tentunya akan kami tanyakan kepada seluruh Dewan yang terhormat.	Usulan dari BalEg tentunya akan kami tanyakan kepada seluruh DEwan yang terhormat.
J087	Pimpinan, Bamus sudah memutuskan agenda itu ada di dalam Rapat Paripurna hari ini. 	Pimpinan, Bamus sudah memutuskan agEnda itu ada di dalam Rapat Paripurna hari ini. 
J088	Kenapa kemudian tidak ada di dalam jadwal.	Kenapa kemudian tidak ada di dalam jadwal.
J089	Minta tolong , tolong dimasukan dulu ke dalam jadwal bahwa ada pembahasan masalah perubahan Tata Tertib yang kedua.	Minta tolong, tolong dimasukan dulu ke dalam jadwal bahwa ada pembahasan masalah perubahan Tata Tertib yang kedua.
J090	Karena apa? 	Karena apa?
J091	Pimpinan seenaknya mengubah hasil Bamus. 	Pimpinan se-Enaknya mengubah hasil Bamus.
J092	Preseden yang akan terjadi yang akan datang bisa saja Pimpinan itu mengubah seenaknya keinginan.	PrEsEdEn yang akan terjadi yang akan datang bisa saja Pimpinan itu mengubah se-Enaknya keinginan.
J093	Padahal Bamus itu adalah kesepakatan semua fraksi-fraksi yang ada.	Padahal Bamus itu adalah kesepakatan semua fraksi-fraksi yang ada.
J094	Pimpinan, tolong dijawab dulu Pimpinan.	Pimpinan, tolong dijawab dulu Pimpinan.
J095	Mohon izin Bapak Agus.	Mohon izin Bapak Agus.
J096	Begini penjelasannya, kira-kira begini. 	Begini penjelasannya, kira-kira begini. 
J097	Oke, baik.	Oke, baik.
J098	Bapak dan Ibu sekalian yang saya hormati.	Bapak dan Ibu sekalian yang saya hormati.
J099	Pimpinan, tolong didengar, interupsi Pimpinan .	Pimpinan, tolong didengar, interupsi Pimpinan .
J100	Seharusnya kalau kita ingin meminta persetujuan harus ada dulu di dalam rumusan yang akan kita bahas. 	Seharusnya kalau kita ingin meminta persetujuan harus ada dulu di dalam rumusan yang akan kita bahas.
J101	Selanjutnya untuk mempersingkat waktu marilah kita memasuki acara Rapat Paripurna Dewan hari ini.	Selanjutnya untuk mempersingkat waktu marilah kita memasuki acara Rapat Paripurna DEwan hari ini.
J102	Selamat sore dan salam sejahtera untuk kita semua,	Selamat sorE dan salam sejahtera untuk kita semua,
J103	Om swasti atu.	Om swasti atu.
J104	Yang kami hormati Pimpinan Dewan Perwakilan Rakyat Republik Indonesia.	Yang kami hormati Pimpinan DEwan Perwakilan Rakyat REpublik IndonEsia.
J105	Yang kami hormati Bapak dan Ibu Anggota Dewan Perwakilan Rakyat Republik Indonesia.	Yang kami hormati Bapak dan Ibu Anggota DEwan Perwakilan Rakyat REpublik IndonEsia.
J106	Yang kami hormati Calon Anggota Komisi Yudisial.	Yang kami hormati Calon Anggota Komisi Yudisial.
J107	Dan yang kami hormati Bapak dan Ibu, serta rekan-rekan wartawan yang berbahagia.	Dan yang kami hormati Bapak dan Ibu, serta rekan-rekan wartawan yang berbahagia.
J108	Pertama-tama marilah kita memanjatkan puji dan syukur kehadirat Tuhan Yang Maha Esa. 	Pertama-tama marilah kita memanjatkan puji dan syukur kehadirat Tuhan Yang Maha Esa.
J109	Karena atas rahmat dan perkenan-Nya maka kita dapat menghadiri Rapat Paripurna.	Karena atas rahmat dan perkenan-Nya maka kita dapat menghadiri Rapat Paripurna.
J110	Dalam keadaan sehat wal'afiat dalam rangka menyampaikan laporan. 	Dalam keadaan sEhat wal-a-fi-yat dalam rangka menyampaikan laporan.
J111	Selanjutnya untuk menyetujui atau tidak menyetujui sesuai peraturan perundang-undangan. 	Selanjutnya untuk menyetujui atau tidak menyetujui sesuai peraturan perundang-undangan.
J112	Rapat Pleno Komisi tiga DPR RI yang bersifat terbuka dan terbuka untuk umum.	Rapat PlEno Komisi tiga DE-PE-ER ER-I yang bersifat terbuka dan terbuka untuk umum.
J113	Bapak Ibu Pimpinan, para hadirin serta rekan-rekan Wartawan yang kami hormati.	Bapak Ibu Pimpinan, para hadirin serta rekan-rekan Wartawan yang kami hormati.
J114	Pada hari ini Selasa tanggal dua puluh Oktober dua ribu lima belas tepatnya pukul sepuluh tiga puluh WIB.	Pada hari ini Selasa tanggal dua puluh Oktober dua ribu lima belas tepatnya pukul sepuluh tiga puluh WE-I-BE.
J115	Komisi III DPR RI melakukan Rapat Pleno dalam pengambilan Keputusan terhadap Calon Komisi Yudisial. 	Komisi tiga DE-PE-ER ER-I melakukan Rapat PlEno dalam pengambilan Keputusan terhadap Calon Komisi Yudisial.
J116	Pengambilan Keputusan ini dilakukan dengan cara musyawarah dan mufakat dengan meminta pandangan fraksi-fraksi di Komisi tiga DPR RI .	Pengambilan Keputusan ini dilakukan dengan cara musyawarah dan mufakat dengan meminta pandangan fraksi-fraksi di Komisi tiga DE-PE-ER ER-I .
J117	Berdasarkan hasil musyawarah dan mufakat tersebut, Komisi III DPR RI telah memberikan persetujuannya. 	Berdasarkan hasil musyawarah dan mufakat tersebut, Komisi tiga DE-PE-ER ER-I telah memberikan persetujuannya. 
J118	Demikian kami ucapkan terima kasih.	Demikian kami ucapkan terima kasih.
J119	Usikum wanafsi bitaqwallahi.	Usikum wanafsi bi-taq-walla-hi.
J120	Asholatu wasalamu ala mursalin.	Asholatu wasalamu ala mursalin.
J121	Waala alihi wasohbihi ajmain. 	Wa-ala alihi wasohbihi ajmain.
J122	Amiin.	Amiin.
J123	Kami Badan Legislasi sudah membentuk Panja.	Kami Badan lEgislasi sudah membentuk Panja.
J124	Dan sudah membahas Peraturan Bersama ini dengan seksama.	Dan sudah membahas Peraturan Bersama ini dengan seksama.
J125	Dan drafnya sudah ada di dalam bapak-ibu semuanya. 	Dan drafnya sudah ada di dalam, bapak-ibu semuanya. 
J126	Kalau disetujui kami tidak usah membacakan seluruh isinya.	Kalau disetujui kami tidak usah membacakan seluruh isinya.
J127	Selanjutnya perkenankan kami menyerahkan Rancangan Peraturan Bersama DPR dan BPK.	Selanjutnya perkenankan kami menyerahkan Rancangan Peraturan Bersama DE-PE-ER dan BE-PE-KA.
J128	Menyiapkan dan menyusun naskah akademik.	Menyiapkan dan menyusun naskah akademik.
J129	Mengkoordinasikan seluruh penyusunan naskah akademik. 	Mengkoordinasikan seluruh penyusunan naskah akademik.
J130	Mengambil alih penyusunan naskah akademik dan Rancangan Undang-undang. 	Mengambil alih penyusunan naskah akademik dan Rancangan Undang-undang.
J131	Mengubah ketentuan Pasal enam puluh enam. 	Mengubah ketentuan Pasal enam puluh enam.
J132	Menyesuaikan pasal atau huruf yang menjadi rujukannya.	Menyesuaikan pasal atau huruf yang menjadi rujukannya.
J133	Demikianlah usulan-usulan perubahan diantaranya yang tadi sudah kami bacakan. 	Demikianlah usulan-usulan perubahan diantaranya yang tadi sudah kami bacakan.
J134	Demikianlah laporan kami, terima kasih atas perhatiannya.	Demikianlah laporan kami, terima kasih atas perhatiannya.
J135	Belum ketua, tidak.	Belum ketua, tidak.
J136	Baik, dengan catatan yang ada di Pak Azis.	Baik, dengan catatan yang ada di Pak Azis.
J137	Waktu kita absen sudah dibagi ketua.	Waktu kita absEn sudah dibagi ketua.
J138	Dan jika itu persoalannya, ini bisa disusulkan ketua.	Dan jika itu persoalannya, ini bisa disusulkan ketua.
J139	Tolong Ketua Rapat memegang tata tertib dan mekanisme dalam memimpin rapat.	Tolong Ketua Rapat memegang tata tertib dan mEkanisme dalam memimpin rapat.
J140	Kalau tidak diganti saja.	Kalau tidak diganti saja.
J141	Pak Ecky, mohon maaf Pak Ecky.	Pak Eki, mohon maaf Pak Eki.
J142	Ada kesalahfahaman Pak Ecky.	Ada kesalahfahaman Pak Eki.
J143	Ini keliru nih ya. 	Ini keliru nih ya.
J144	Biar kita tidak bertele-tele, ini keliru.	Biar kita tidak bertElE-tElE, ini keliru.
J145	Saya sama sekali bukan bikin panas Ketua.	Saya sama sekali bukan bikin panas Ketua.
J146	Sebentar dulu, ini jangan jadi kemana-mana.	Sebentar dulu, ini jangan jadi kemana-mana.
J147	Ini setuju di rubah atau tidak?	Ini setuju di rubah atau tidak?
J148	Kita voting bahwa ada Anggota yang tidak setuju dengan usulan perubahan. 	Kita voting bahwa ada Anggota yang tidak setuju dengan usulan perubahan.
J149	Memang semua belum baca Pak. 	MEmang semua belum baca Pak.
J150	Wong saya juga belum baca.	Wong saya juga belum baca.
J151	Sehingga tidak perlu di putar-putar, kita voting saja.	Sehingga tidak perlu di putar-putar, kita voting saja.
J152	Baik, sesuai dengan mekanisme yang ada.	Baik, sesuai dengan mEkanisme yang ada.
J153	Tentunya sebelum memasuki voting, kita memasuki lobby dulu. 	Tentunya sebelum memasuki voting, kita memasuki lobbi dulu. 
J154	Izin ketua.	Izin ketua.
J155	Kalau usul saya, tidak perlu di skors, kita langsung saja. 	Kalau usul saya, tidak perlu di skors, kita langsung saja. 
J156	Kalau memang misalkan ada Anggota yang tidak setuju, kita hormati. 	Kalau mEmang misalkan ada Anggota yang tidak setuju, kita hormati. 
J157	Jadi tidak perlu buang waktu. 	Jadi tidak perlu buang waktu. 
J158	Kita libatkan semua yang hadir.	Kita libatkan semua yang hadir.
J159	Toh kalaupun misalkan mengatas namakan fraksi juga dari sisi yang hadir tidak  terlalu banyak Ketua. 	Toh kalaupun misalkan mengatas namakan fraksi juga dari sisi yang hadir tidak  terlalu banyak Ketua. 
J160	Jadi usul saya, langsung saja kita ambil keputusan. 	Jadi usul saya, langsung saja kita ambil keputusan. 
J161	Yang tidak setuju silakan berdiri dan nanti yang setuju juga dimintai pendapatnya.	Yang tidak setuju silakan berdiri dan nanti yang setuju juga dimintai pendapatnya.
J162	Usul saya begitu Ketua untuk menghemat waktu .	Usul saya begitu Ketua untuk menghEmat waktu.
J163	Silakan yang lain ada usul lain?	Silakan yang lain ada usul lain?
J164	Kalau tidak, ke depan sajalah. 	Kalau tidak, ke depan sajalah. 
J165	Kita melakukan lobby di sini saja, tidak usah lama-lama. 	Kita melakukan lobbi di sini saja, tidak usah lama-lama. 
J166	Silakan, sementara rapat kita skors sebentar saja.	Silakan, sementara rapat kita skors sebentar saja.
J167	Baik, Bapak Ibu sekalian yang saya hormati, skors rapat dicabut.	Baik, Bapak Ibu sekalian yang saya hormati, skors rapat dicabut.
J168	Setelah kita melaksanakan lobby dan kita memang tidak ada titik temu. 	Setelah kita melaksanakan lobbi dan kita mEmang tidak ada titik temu. 
J169	Kita akan melaksanakan voting. 	Kita akan melaksanakan voting. 
J170	Untuk itu kita persilakan Sekjen untuk mempersiapkan voting.	Untuk itu kita persilakan SEkjEn untuk mempersiapkan voting.
J171	Oke dihitung terlebih dahulu.	OkE dihitung terlebih dahulu.
J172	Hanya ingin mengomentari hasil apa yang kita hadapi hari ini tentang Baleg.	Hanya ingin mengomEntari hasil apa yang kita hadapi hari ini tentang BalEg.
J173	Pimpinan yang kami hormati dan kami banggakan.	Pimpinan yang kami hormati dan kami banggakan.
J174	Seluruh peserta Rapat Paripurna yang saya banggakan.	Seluruh peserta Rapat Paripurna yang saya banggakan.
J175	Menyangkut draft perubahan Tata Tertib Dewan, itu adalah Draft Rancangan Undang-undang.	Menyangkut draf perubahan Tata Tertib DEwan, itu adalah Draf Rancangan Undang-undang.
J176	Tatib ini sudah dibicarakan beberapa kali di Badan Legislasi.	Tatib ini sudah dibicarakan beberapa kali di Badan lEgislasi.
J177	Ada Pak Sareh Mulyono dari Fraksi Partai Gerindra. 	Ada Pak SarEh Mulyono dari Fraksi Partai Gerindra. 
J178	Ada Pak Firman Subagyo dari Fraksi Partai Golkar.	Ada Pak Firman Subagyo dari Fraksi Partai Golkar.
J179	Ada Pak Toto Daryanto dari Fraksi Partai Amanat Nasional. 	Ada Pak Toto Daryanto dari Fraksi Partai Amanat Nasional. 
J180	Marwah Badan Legislasi sebagai center of law tidak boleh di hilangkan. 	Marwah Badan lEgislasi sebagai sEnter of low tidak bolEh di hilangkan. 
J181	Kepada siapakah kewenangan itu diberikan?	Kepada siapakah kewenangan itu diberikan?
J182	Kepada semua alat kelengkapan dewan.	Kepada semua alat kelengkapan DEwan.
J183	Tak terkecuali adalah kepada Badan legislasi. 	Tak terkecuali adalah kepada Badan lEgislasi. 
J184	Setiap komisi tetap mempunyai kewenangan untuk menyusun naskah akademik dan Rancangan Undang-undang.	Setiap komisi tetap mempunyai kewenangan untuk menyusun naskah akademik dan Rancangan Undang-undang.
J185	Mengapa DPR tidak mampu menyelesaikan Daftar Inventarisasi RUU. 	Mengapa DE-PE-ER tidak mampu menyelesaikan Daftar InvEntarisasi ER-U-U. 
J186	Rancangan Undang-undang ada di setiap prolegnas tahunan. 	Rancangan Undang-undang ada di setiap prolEgnas tahunan. 
J187	Karena ini menyangkut masalah yang subtansial, sebaiknya semua anggota dikasih tahu dulu masalahnya ini yang akan di rubah. 	Karena ini menyangkut masalah yang sub-tan-si-yal, sebaiknya semua anggota dikasih tahu dulu masalahnya ini yang akan di rubah. 
J188	Jangan tiba-tiba lalu di sini di voting.	Jangan tiba-tiba lalu di sini di voting.
J189	Boleh jadi hak-hak Anggota Dewan secara konstitusional bisa hilang diambil alih oleh lembaga yang tadi itu. 	BolEh jadi hak-hak Anggota DEwan secara kons-ti-tu-si-yo-nal bisa hilang diambil alih olEh lembaga yang tadi itu. 
J190	Oleh karena itu saya usulkan supaya ditunda saja dulu ini. 	OlEh karena itu saya usulkan supaya ditunda saja dulu ini. 
J191	Kepada Anggota supaya dikasih tahu secara jelas apa arah dari perubahan ini.	Kepada Anggota supaya dikasih tahu secara jelas apa arah dari perubahan ini.
J192	Jangan sampai kita voting , tidak tahu apa yang mau di voting.	Jangan sampai kita voting , tidak tahu apa yang mau di voting.
J193	Demikian pendapat saya pimpinan.	Demikian pendapat saya pimpinan.
J194	Izin berpendapat sebentar Bapak Ibu sekalian.	Izin berpendapat sebentar Bapak Ibu sekalian.
J195	Karena ini sebentar lagi Maghrib dan mungkin juga ada yang belum Sholat Ashar.	Karena ini sebentar lagi Maghrib dan mungkin juga ada yang belum Sholat Ashar.
J196	Ya sebentar, Interupsi dulu , silakan yang interupsi.	Ya sebentar, Interupsi dulu , silakan yang interupsi.
J197	Apa artinya kita ribut-ribut? 	Apa artinya kita ribut-ribut? 
J198	Toh ada tiga puluh tiga kementerian dibagi habis juga kita punya pekerjaan banyak.	Toh ada tiga puluh tiga kementerian dibagi habis juga kita punya pekerjaan banyak.
J199	Baik-baik. 	Baik-baik. 
J200	Sebentar-sebentar. 	Sebentar-sebentar. 
J201	Sebelum lebih jauh.	Sebelum lebih jauh.
J202	Setuju.	Setuju.
J203	Ini bukan masalah lobby atau tidak lobby.	Ini bukan masalah lobbi atau tidak lobbi.
J204	Tapi soal bagaimana dengan Pemerintah.	Tapi soal bagaimana dengan Pemerintah.
J205	Bagusnya itu saja, lobby saya yakin juga nggak ketemu .	Bagusnya itu saja, lobbi saya yakin juga engga ketemu .
J206	Apanya yang mau dilobby?	Apanya yang mau dilobbi?
J207	Ini, payah ini!	Ini, payah ini!
J208	Bisa interupsi sebentar saja, untuk memecahkan masalah ini?	Bisa interupsi sebentar saja, untuk memecahkan masalah ini?
J209	Pimpinan, ini nggak jelas Pimpinan.	Pimpinan, ini engga jelas Pimpinan.
J210	Saya ingin mengusulkan Pimpinan. 	Saya ingin mengusulkan Pimpinan. 
J211	Kita ikuti patokan suka-suka pimpinan.	Kita ikuti patokan suka-suka pimpinan.
J212	Ini kan masih ada ketidaksamaan, kita bicarakan.	Ini kan masih ada ketidaksamaan, kita bicarakan.
J213	Yang mana?	Yang mana?
J214	Pimpinan harus bisa memutuskan rasionalitas dari masing-masing komisi.	Pimpinan harus bisa memutuskan rasionalitas dari masing-masing komisi.
J215	Kita harus yakini bahwa tidak mungkin satu komisi hanya satu mitra. 	Kita harus yakini bahwa tidak mungkin satu komisi hanya satu mitra. 
J216	Baik bapak ibu sekalian yang saya hormati, dengan demikian selesailah rapat Paripurna hari ini. 	Baik bapak ibu sekalian yang saya hormati, dengan demikian selesailah rapat Paripurna hari ini. 
J217	Selaku pimpinan rapat saya mengucapkan terima kasih kepada yang terhormat para anggota dewan dan hadirin sekalian.	Selaku pimpinan rapat saya mengucapkan terima kasih kepada yang terhormat para anggota DEwan dan hadirin sekalian.
J218	Atas ketekunan dan kesabaran dalam mengikuti rapat paripurna hari ini. 	Atas ketekunan dan kesabaran dalam mengikuti rapat paripurna hari ini. 
J219	Dengan seijin dewan perkenan  rapat kami tutup.	Dengan seijin DEwan perkenan  rapat kami tutup.
J220	Dengan mengucapkan waflahumuafiq ila afwamithariq.	Dengan mengucapkan wal-la-hu-mu-wa-fiq ila af-wa-mi-tho-riq.
J221	Wasalamu'alaikum warahmatullahi wabarakatuh.	Was-sa-la-mu-a-lai-kum Wa-roh-ma-tull-lo-hi Wa-ba-ro-ka-tuh.
J222	Mohon perhatian, Rekan-rekan sekalian. 	Mohon perhatian, Rekan-rekan sekalian. 
J223	Mohon duduk, karena Paripurna belum kita tutup.	Mohon duduk, karena Paripurna belum kita tutup.
J224	Kami persilakan Pak Akbar Faisal untuk melanjutkan. 	Kami persilakan Pak Akbar Faisal untuk melanjutkan. 
J225	Rapat kita tutup dan kita ucapkan Alhamdulillaahirabbil'alamiin.	Rapat kita tutup dan kita ucapkan Alhamdulillaahirobbilalamiin.
J226	Hadirin dan hadirat yang sangat kami hormati.	Hadirin dan hadirat yang sangat kami hormati.
J227	Mari kita sejenak menundukkan kepala bersama-sama.	Mari kita sejenak menundukkan kepala bersama-sama.
J228	Untuk mengenang para pahlawan kita yang sudah mendahului kita.	Untuk mengenang para pahlawan kita yang sudah mendahului kita.
J229	Dan semoga kita diberi kekuatan untuk melanjutkan perjuangan mereka.	Dan semoga kita diberi kekuatan untuk melanjutkan perjuangan mereka.
J230	Di dalam mempertahankan Pancasila, UndangUndang Dasar Negara Republik Indonesia.	Di dalam mempertahankan Pancasila, UndangUndang Dasar Negara REpublik IndonEsia.
J231	Untuk kemajuan bangsa kita.	Untuk kemajuan bangsa kita.
J232	Mengheningkan cipta mulai.	Mengheningkan cipta mulai.
J233	Presiden Republik Indonesia menimbang dan seterusnya, mengingat dan seterusnya, memutuskan, menetapkan.	PrEsiden REpublik IndonEsia menimbang dan seterusnya, mengingat dan seterusnya, memutuskan, menetapkan.
J234	Hamdan syakirin.	Hamdan sya-ki-rin.
J235	Hamdan na'imin.	Hamdan na-i-min.
J236	Hamdan yuafini' yaumazidah.	Hamdan yuafini yaumazidah.
J237	Ya robbana lakal hamdu.	Ya rob-ba-na la-kal ham-du.
J238	Kama yambagi lilzalali.	Kama yam-ba-gi lil-za-la-li.
J239	Wajhikal karim.	Waj-hi-kal ka-rim.
J240	Yaazim sulthonik.	Ya-azim sul-to-nik.
J241	Allahuma sholi wasalim alaihi.	Allo-hu-ma so-li wa-sa-lim a-lai-hi.
J242	Ya Allah Ya Syukur.	Ya Allah Ya Sukur.
J243	Dalam suasana penuh hikmat ini kami memanjatkan rasa syukur sedalam-dalamnya.	Dalam suasana penuh hikmat ini kami memanjatkan rasa syukur sedalam-dalamnya.
J244	Ya Allah Ya Rahman Ya Rahim.	Ya Allah Ya Rohman Ya Rahim.
J245	Anugerahkanlah kearifan, kecerdasan dan kepekaan yang lebih kepada para hambamu yang baru saja dilantik. 	Anugerahkanlah kearifan, kecerdasan dan kepekaan yang lebih kepada para hambamu yang baru saja dilantik.
J246	Dihadapan mereka terbentang sejumlah tantangan. 	Dihadapan mereka terbentang sejumlah tantangan.
J247	Ya Allah Ya Qowi Ya Mathin.	Ya Allah Ya Qowi Ya Matin.
J248	Engkau maha mengetahui kekhususan dan kelemahan kami sebagai manusia biasa. 	Engkau maha mengetahui kekhususan dan kelemahan kami sebagai manusia biasa.
J249	Engkau juga maha mengetahui rahasia-rahasia kami. 	Engkau juga maha mengetahui rahasia-rahasia kami.
J250	Ampunilah seluruh dosa-dosa kami. 	Ampunilah seluruh dosa-dosa kami.
J251	Tutupilah seluruh aib-aib kami. 	Tutupilah seluruh aib-aib kami.
J252	Putihkanlah seluruh kegelapan masa lampau kami dengan kasih sayang-Mu. 	Putihkanlah seluruh kegelapan masa lampau kami dengan kasih sayang-Mu.
J253	Pada akhirnya kami semua menyerahkan diri ini kepada-Mu sepenuhnya.	Pada akhirnya kami semua menyerahkan diri ini kepada-Mu sepenuhnya.
J254	Tuntunlah, bimbinglah, dan bantulah kami.	Tuntunlah, bimbinglah, dan bantulah kami.
J255	Amin ya robbal alamin.	Amin ya rob-bal a-la-min.
J256	Robbana atina fidunya hasanah.	Rob-ba-na a-ti-na fid-dun-ya hasanah.
J257	Wafil ahiroti hasanah.	Wa-fil a-khi-ro-ti hasanah.
J258	wakina azabanar.	wa-qina a-za-ba-nar.
J259	Walhamdulillahirobil'alamin.	Wal-ham-du-lil-la-hi-rob-bil-a-lamin.
J260	Dan Ipnu menemukan benda eksplosif di ujung jalan itu.	Dan Ipnu menemukan benda Eksplosif di ujung jalan itu.
J261	Di Jurangmangu iya di Poso juga iya.	Di Jurangmangu iya, di Poso juga iya.
J262	Di ring empat, Mike Tyson tampil menggila.	Di ring empat, Maik Taisen tampil menggila.
J263	Kalau eceran dan kalau resmi harganya gak akan semahal itu.	Kalau EcEran dan kalau resmi harganya gak akan semahal itu.
J264	Kalau cek oke berarti enggak masalah.	Kalau cEk okE berarti enggak masalah.
J265	Undang-undang nomor kosong satu kosong kosong titik.	Undang-undang nomor kosong satu kosong kosong titik.
J266	Kebijakan ekonomi Sri Mulyani dinilai terlalu pragmatis.	Kebijakan Ekonomi Sri Mulyani dinilai terlalu pragmatis.
J267	Dubes Prancis geram dengan pengeboman rabu lalu.	Dubes Prancis geram dengan pengeboman rabu lalu.
J268	Mulan pun akhirnya curhat ke tabloid Citra.	Mulan pun akhirnya curhat ke tabloid Citra.
J269	Dia belajar gerakan itu dari pebulu tangkis Denmark.	Dia belajar gerakan itu dari pebulu tangkis DEnmark.
J270	Harga yang ditawarkan didasarkan gengsi pengembang di sini.	Harga yang ditawarkan didasarkan gEngsi pengembang di sini.
J271	Goyang Mang kata pedangdut berbaju seronok itu.	Goyang Mang kata pedangdut berbaju seronok itu.
J272	Pagi-pagi dia mengajak hewan peliharaannya ke alam segar.	Pagi-pagi dia mengajak hEwan peliharaannya ke alam segar.
J273	Ari Firdaus atau lebih dikenal sebagai Afi.	Ari Firdaus atau lebih dikenal sebagai Afi.
J274	Orangtua sering melakukan kekerasan verbal atau verbalisme.	Orangtua sering melakukan kekerasan vErbal atau vErbalisme.
J275	Untuk bisa keluar masuk penjara, Gayus Tambunan disinyalir memberi sangu untuk sipir.	Untuk bisa keluar masuk penjara, Gayus Tambunan disinyalir memberi sangu untuk sipir.
J276	Wajah Radio Cakrawala di mata para fannys sudah berubah.	Wajah Radio Cakrawala di mata para fanis sudah berubah.
J277	Dia tersesat ke kloter lain.	Dia tersesat ke kloter lain.
J278	Tiga tahun  lamanya dia bekerja sebagai pelayan atau pegawai restoran.	Tiga tahun  lamanya dia bekerja sebagai pelayan atau pegawai rEstoran.
J279	Sepuluh truk digunakan untuk mengangkut makanan dan ponco.	Sepuluh truk digunakan untuk mengangkut makanan dan ponco.
J280	Burma melakukan re-ekspor rokok dari Indonesia.	Burma melakukan rE-Ekspor rokok dari IndonEsia.
J281	Vegetasi dilakukan di Tanah Gocap di Ifar Gunung.	VEgEtasi dilakukan di Tanah Gocap di Ifar Gunung.
J282	Ritme belajarnya semakin lambat akibat gangguan mata yang dialaminya.	Ritme belajarnya semakin lambat akibat gangguan mata yang dialaminya.
J283	Pos Indonesia menyetel wesel sebagai produk unggulannya.	Pos IndonEsia menyetEl wEsel sebagai produk unggulannya.
J284	Bunyu menarik revolver tanpa melihat ke arah lawannya.	Bunyu menarik rEvolver tanpa melihat ke arah lawannya.
J285	Veron merupakan arsitek yang merancang gedung WTO di berbagai belahan dunia.	VEron merupakan arsitEk yang merancang gedung WE-TE-O di berbagai belahan dunia.
J286	Konflik vertikal yang dilakukan kelompok bersenjata dapat diselesaikan dengan cara persuasif.	Konflik vErtikal yang dilakukan kelompok bersenjata dapat diselesaikan dengan cara pErsuasif.
J287	Faktor sosiologis politik tentu berbeda antara satu wilayah dengan wilayah lain.	Faktor sosiologis politik tentu berbeda antara satu wilayah dengan wilayah lain.
J288	Fahmi Idris resmi diberhentikan dari jabatan Direktur Utama BPJS Kesehatan.	Fahmi Idris resmi diberhentikan dari jabatan DirEktur Utama BE-PE-JE-ES KesEhatan.
J289	Ahok latihan nyanyi Hujan Gerimis Aje.	Ahok latihan nyanyi Hujan Gerimis aje.
J290	Emil Elestianto Dardak mengaku tidak memanfaatkan popularitas Arumi Bachsin untuk mendulang suara.	Emil E-les-ti-yan-to Dardak mengaku tidak memanfaatkan popularitas Arumi Bakh-sin untuk mendulang suara.
J291	Emil disebut sebagai calon yang paling disukai oleh warga Jakarta dibandingkan Basuki Tjahaja Purnama.	Emil disebut sebagai calon yang paling disukai olEh warga Jakarta dibandingkan Basuki Cahaya Purnama.
J292	Yoyok menggandeng Ombudsman RI untuk mengajarinya cara memberikan pelayanan publik yang baik.	Yoyok menggandEng Ombudsman ER-I untuk mengajarinya cara memberikan pelayanan publik yang baik.
J293	Jajaran Polresta Tangerang menggelar rezia besar-besaran di Kabupaten Tangerang. 	Jajaran polrEsta Tanggerang menggelar rezia besar-besaran di KabupatEn Tangerang.
J294	Kegagalan riset jangan dipandang sebagai kerugian negara.	Kegagalan risEt jangan dipandang sebagai kerugian negara.
J295	Komisi sepuluh diminta perjuangkan pengangkatan guru honorer.	Komisi sepuluh diminta perjuangkan pengangkatan guru honorEr.
J296	UGM dan ITB membutuhkan SDM yang penuhi rasio ideal universitas kelas dunia.	U-GE-EM dan I-TE-BE membutuhkan ES-DE-EM yang penuhi rasio idEal universitas kelas dunia.
J297	Australia melihat ISIS mengincar Indonesia sebagai sebuah khalifah jauh.	Australia melihat ISIS mengincar IndonEsia sebagai sebuah khalifah jauh.
J298	Wali Kota Bandung Ridwan Kamil memaknai pergantian tahun sebagai momentum introspeksi diri.	Wali Kota Bandung Ridwan Kamil memaknai pergantian tahun sebagai momEntum introspEksi diri.
J299	Ahok mencurigai adanya permainan yang dilakukan operator Bus Kopaja.	Ahok mencurigai adanya permainan yang dilakukan operator Bus Kopaja.
J300	Magelang tetapkan KLB DBD di Desa Banyuwangi.	Magelang tetapkan KA-EL-BE DE-BE-DE di DEsa Banyuwangi.
